{"sizes": [14, 16, 17, 21, 22, 24, 26, 29, 29, 42, 42, 48, 48, 48, 51, 52, 58, 70, 76, 76, 96, 99, 100, 100, 100, 100, 100, 100, 101, 105, 107, 120, 124, 127, 130, 136, 137, 144, 150, 150, 150, 152, 159, 175, 180, 195, 198, 200, 200, 202, 225, 225, 226, 229, 262, 264, 280, 299, 318, 318, 400, 417, 431, 439, 442, 493, 532, 535, 535, 561, 574, 575, 654, 657, 666], "optim_res": [1.34456816130003, 1.2374981775769063, 1.1117505995203838, 1.2866642039157739, 1.3346641950663054, 1.2374213836477987, 1.4183564567769478, 1.306930693069307, 1.3335403726708075, 1.4304791830322074, 1.178826895565093, 1.575516970595934, 1.3349187475227904, 1.373541588257433, 1.4014084507042253, 1.5164412622646513, 1.3583776333924, 1.605925925925926, 1.600371747211896, 1.7382464704740244, 1.4917314206017136, 1.52766308835673, 1.6216240710531087, 2.0264222503160556, 1.8307504461350614, 1.809484794447925, 1.8313987624768528, 2.000563856780378, 1.5564387917329094, 1.6830794909242646, 1.2814933525946324, 1.6923076923076923, 2.2543283076401828, 1.6701865034409293, 1.9993453355155484, 1.8056979291530608, 1.4670951856040542, 2.101525530860823, 1.681873020660534, 1.6047794117647058, 1.982625334864141, 2.0056594554979505, 1.8702946768060837, 1.1692437053300322, 1.2512820512820513, 1.7292294446835987, 1.417680608365019, 1.7721574888745457, 1.763075456278943, 1.662176294820717, 1.852400408580184, 2.3959397676934375, 2.5884856101233065, 1.5759275493677658, 1.9028595458368376, 2.064556833214613, 1.899185730903451, 1.8473988919092776, 2.1505381545531503, 2.1155392705037, 2.2178522348013874, 2.949414046033218, 1.5493950319110457, 2.4943712284432507, 2.1484698097601322, 1.9295754528312667, 1.994545979917648, 2.4497254607366843, 1.1801031991744066, 2.4871516467607675, 2.0361197669692452, 2.02569024066145, 2.5205091937765207, 2.6973544324501146, 3.3408910238553053], "perf_res": [0.158242879, 0.070754873, 0.188068596, 0.408040443, 0.114859185, 0.324533428, 0.169338393, 0.264568087, 0.327655931, 0.40342996, 0.521475448, 0.467177135, 0.350520662, 0.68875447, 0.880918471, 0.479763659, 0.471282903, 1.185259834, 1.892547985, 1.168810214, 1.95872861, 1.571516923, 2.232628883, 1.135574154, 1.456806528, 1.691358682, 2.236346625, 2.001730804, 2.539396367, 1.999819209, 2.030263162, 1.918245907, 3.133945028, 5.995038453, 3.580550299, 3.170417405, 4.566793727, 2.886553234, 4.587320453, 5.32120769, 4.996390731, 6.253899126, 7.267858466, 5.530007815, 2.337916029, 11.578582034, 7.763627344, 16.089642723, 22.162727378, 13.210524202, 13.493590836, 22.709067375, 13.226866416, 13.458715313, 30.972389902, 36.04048987, 38.28552092, 32.028234251, 41.062630115, 39.024930496, 87.589308379, 95.408674587, 108.036407969, 97.276711215, 109.480079973, 110.087025513, 108.867635491, 113.475078898, 103.17380704, 112.860967946, 110.49801936, 113.936186773, 119.397382671, 117.082273008, 117.680227357]}