{"sizes": [14, 16, 17, 21, 22, 24, 26, 29, 29, 42, 42, 48, 48, 48, 51, 52, 58, 70, 76, 76, 96, 99, 100, 100, 100, 100, 100, 100, 101, 105, 107, 120, 124, 127, 130, 136, 137, 144, 150, 150, 150, 152, 159, 175, 180, 195, 198, 200, 200, 202, 225, 225, 226, 229, 262, 264, 280, 299, 318, 318, 400, 417, 431, 439, 442, 493, 532, 535, 535, 561, 574, 575, 654, 657, 666, 724, 783, 1000], "optim_res": [1.3620222690340054, 1.2650532147543374, 1.6719424460431656, 1.7746582933136312, 1.3837159560815628, 1.6611635220125787, 1.487726787620064, 1.6257425742574256, 1.4658385093167703, 1.5751072961373391, 1.5459544383346426, 1.5935394371779628, 1.6761190123025913, 1.5088445615355663, 1.8732394366197183, 1.9009546539379476, 1.6718251624335498, 1.9333333333333333, 1.970260223048327, 1.9985761702678464, 1.9700411164846312, 1.721717588769612, 2.1102501359434473, 2.4756738987508218, 2.908188346426334, 2.104963642111919, 2.1727751151207593, 2.074715549936789, 1.863275039745628, 1.8606300855414146, 1.3919147687515518, 1.8082685105157015, 2.7119261392512284, 1.7540369625133156, 2.0657937806873976, 2.090687388914149, 1.7587505189469315, 2.4618617284794233, 2.3065442020665903, 1.7418811274509804, 2.331209470668074, 2.3163052034418175, 2.165019011406844, 1.2013360115849956, 1.2512820512820513, 1.8678433060697375, 1.6814955640050697, 2.5237626116791794, 2.7732225551620813, 1.9794073705179283, 2.2941777323799797, 3.6642846426569173, 3.254849506650574, 2.029115466337796, 2.489066442388562, 2.696448560089549, 2.1733229934082976, 2.210890000207508, 2.6771798282742774, 2.6336101263413356, 3.1717165106995617, 5.113228226962313, 1.981349248019415, 3.3013794454237666, 3.5197132616487457, 2.570595965944803, 2.1609116520985334, 2.893525222522598, 1.231517027863777, 2.9011943539630836, 2.9121257282211084, 2.468182489295733, 2.99647836503767, 3.0461645403990842, 3.1950176315914636, 2.7407778573132906, 2.5363388598682715, 3.664250167254478], "perf_res": [0.159753858, 0.063884367, 0.05111526, 0.10411371, 0.070601588, 0.800152615, 0.104299035, 0.202301014, 0.204851613, 0.274640702, 0.249018534, 0.853071688, 0.313087787, 0.400208866, 1.137209645, 1.196608308, 1.224438428, 0.691457951, 1.693848921, 0.508908772, 1.053561492, 1.432430212, 0.82475842, 1.027859309, 1.388950832, 1.034768795, 1.258454873, 1.135936279, 2.266020896, 0.889521332, 1.211087624, 1.722670589, 1.891610258, 3.761466109, 3.883561317, 2.568255346, 1.933939305, 1.392548313, 3.2596424, 5.353558024, 3.782042671, 3.515399943, 3.3922058, 4.367230358, 2.613045214, 6.159023589, 4.073245079, 6.096944153, 12.191062269, 6.799796396, 12.044719384, 11.144599543, 7.86141044, 7.924840167, 21.655303222, 24.86450922, 30.376643303, 23.509053069, 32.45465521, 32.427903023, 89.963044763, 101.460976108, 71.222217047, 123.085351719, 71.879154186, 125.612627967, 149.803988128, 163.785338788, 90.383333975, 193.334778027, 172.654426704, 176.947954233, 141.887298148, 243.634072957, 264.532164837, 266.449605919, 350.077939935, 378.510050754]}