{"sizes": [14, 16, 17, 21, 22, 24, 26, 29, 29, 42, 42, 48, 48, 48, 51, 52, 58, 70, 76, 76, 96, 99, 100, 100, 100, 100, 100, 100, 101, 105, 107, 120, 124, 127, 130, 136, 137, 144, 150, 150, 150, 152, 159, 175, 180, 195, 198, 200, 200, 202, 225, 225, 226, 229, 262, 264, 280, 299, 318, 318, 400, 417, 431, 439, 442, 493, 532, 535, 535, 561, 574, 575, 654, 657, 666, 724, 783, 1000], "optim_res": [1.34456816130003, 1.2374981775769063, 1.1117505995203838, 1.2866642039157739, 1.3346641950663054, 1.2374213836477987, 1.4183564567769478, 1.3335403726708075, 1.306930693069307, 1.178826895565093, 1.4304791830322074, 1.3349187475227904, 1.575516970595934, 1.373541588257433, 1.4014084507042253, 1.5164412622646513, 1.3583776333924, 1.605925925925926, 1.600371747211896, 1.7382464704740244, 1.4917314206017136, 1.52766308835673, 2.0264222503160556, 1.6216240710531087, 1.8307504461350614, 1.809484794447925, 1.8313987624768528, 2.000563856780378, 1.5564387917329094, 1.6830794909242646, 1.2814933525946324, 1.6923076923076923, 2.2543283076401828, 1.6701865034409293, 1.9993453355155484, 1.8056979291530608, 1.4670951856040542, 2.101525530860823, 1.982625334864141, 1.681873020660534, 1.6047794117647058, 2.0056594554979505, 1.8702946768060837, 1.1692437053300322, 1.2512820512820513, 1.7292294446835987, 1.417680608365019, 1.7721574888745457, 1.763075456278943, 1.662176294820717, 1.852400408580184, 2.3959397676934375, 2.5884856101233065, 1.5759275493677658, 1.9028595458368376, 2.064556833214613, 1.899185730903451, 1.8473988919092776, 2.1505381545531503, 2.1155392705037, 2.2178522348013874, 2.949414046033218, 1.5493950319110457, 2.4943712284432507, 2.1484698097601322, 1.9087195017427576, 1.9817236148233763, 2.383005747779716, 1.1801031991744066, 2.0191820484980094, 2.0361197669692452, 1.970913922929278, 2.1975579482146466, 2.2715897939156036, 2.685468035521372, 2.10386542591267, 2.1114013172836703, 3.345103972157194], "perf_res": [0.16783305, 0.092998846, 0.144163689, 0.127088606, 0.128375638, 0.264803395, 0.188826188, 0.308656881, 0.259583082, 0.982273031, 0.523169062, 0.345976444, 0.447136449, 1.212281432, 1.100062547, 0.488101929, 0.961012775, 1.464409654, 2.072472872, 1.086408685, 1.819245415, 1.632903919, 1.182861071, 2.293042149, 1.677833618, 1.953314393, 2.533660601, 2.198418948, 2.636645755, 1.946928062, 2.216674906, 2.089526873, 3.479622951, 6.438764867, 4.117574478, 3.31099771, 4.641063898, 2.979177215, 5.134663855, 4.523788503, 5.6843174, 6.471748511, 8.9836624, 6.288926805, 2.790258167, 12.252518932, 8.384888549, 15.57681241, 22.25794087, 13.760311955, 15.913583812, 25.191582962, 12.986993053, 13.897290253, 31.709433128, 38.15290742, 38.538003331, 34.805154095, 40.992460062, 40.275910716, 104.86114571, 109.034308721, 124.865022971, 117.714548956, 138.907704638, 188.765172394, 173.306611034, 232.926559262, 142.563274087, 314.555568369, 170.845673651, 243.072301852, 264.01164479, 319.98014196, 322.145454188, 329.747203098, 342.025883446, 382.941359493]}