{"sizes": [14, 16, 17, 21, 22, 24, 26, 29, 29, 42, 42, 48, 48, 52], "optim_res": [1.0, 1.0, 1.0, 1.0, 1.0, 1.0, 1.0, 1.0, 1.0, 1.0, 1.0, 1.0, 1.0, 1.0], "perf_res": [0.28303033, 0.146401506, 0.216136681, 0.242765594, 0.504000028, 0.561085663, 0.763572266, 1.369876442, 1.207808614, 9.116625726, 8.740845179, 44.458543835, 12.493256555, 27.815988314]}