{"sizes": [14, 16, 17, 21, 22, 24, 26, 29, 29, 42, 42, 48, 48, 48, 51, 52, 58, 70, 76, 76, 96, 99, 100, 100, 100, 100, 100, 100, 101, 105, 107, 120, 124, 127, 130, 136, 137, 144, 150, 150, 150, 152, 159, 175, 180, 195, 198, 200, 200, 202, 225, 225, 226, 229, 262, 264, 280, 299, 318, 318, 400, 417, 431, 439, 442, 493, 532, 535, 535, 561, 574, 575, 654, 657, 666, 724, 783, 1000], "optim_res": [1.2184772795666567, 1.021577489429946, 1.0489208633093525, 1.194311045437754, 1.2050477684300585, 1.128930817610063, 1.183564567769477, 1.1143564356435645, 1.2372670807453416, 1.234878240377062, 1.2546494992846924, 1.1462350580228602, 1.160919540229885, 1.1911930748964998, 1.199530516431925, 1.1595067621320605, 1.1153770427249459, 1.2296296296296296, 1.1561338289962826, 1.3827050915781396, 1.216359651506095, 1.2510322047894302, 1.2636893021508406, 1.2346619114174178, 1.2946151677473923, 1.3045481233909941, 1.2563843236409609, 1.237221315932572, 1.2496025437201908, 1.3397315529591767, 1.0448728077105387, 1.30653990204552, 1.1662713874301203, 1.1428366108114505, 1.2150572831423896, 1.2405344521142478, 1.2954490143587247, 1.0532142063993712, 1.2547487745098038, 1.2582566732016287, 1.3003444316877153, 1.163092749925355, 1.2756653992395437, 1.037184098659317, 1.0153846153846153, 1.1782178217821782, 1.1536121673003803, 1.2562421442402418, 1.219286298011441, 1.1893426294820717, 1.204117085034309, 1.2765577119509703, 1.1556445893317076, 1.1942393129374007, 1.3490328006728343, 1.1796072046402768, 1.2144241954245831, 1.2362059305679485, 1.2784617245132421, 1.25765542839468, 1.254302728879, 1.2324424584773628, 1.2167617580827703, 1.2209817472975368, 1.2198393004844619, 1.1788754928289813, 1.2730621975005418, 1.03453044375645, 1.247910684544255, 1.2327180600796237, 1.363961522828885, 1.2644323047394064, 1.2395000432987906, 1.2554996728819103, 1.2436285067842558, 1.2600095442615127, 1.248353395412219, 1.3178996910427698], "perf_res": [0.000478137, 0.007718703, 0.002328765, 0.006881108, 0.029452718, 0.010223049, 0.010613655, 0.004965155, 0.005029709, 0.087831135, 0.045321773, 0.072969576, 0.156145743, 0.072760006, 0.022056507, 0.041130688, 0.225210474, 0.076175752, 0.353656482, 0.415213879, 0.997359566, 1.025191016, 0.443796215, 0.627577801, 0.429189532, 0.453513256, 0.2146571, 0.442542498, 0.627102036, 2.595877294, 0.886783545, 1.872308946, 1.421082237, 1.185282168, 1.305091759, 1.68224169, 3.007622707, 0.610533862, 0.645716947, 3.611039764, 3.971313359, 0.726007636, 8.196200147, 5.463501127, 6.058508691, 7.505108549, 6.81596486, 1.785039903, 5.368710579, 26.817221699, 2.329026985, 16.442771387, 11.968833427, 28.120731118, 3.865269379, 8.006922239, 24.889494644, 43.17014158, 77.085845932, 77.807833163, 42.186920988, 296.709636355, 223.627141139, 122.560822365, 38.141305788, 268.640273312, 157.908137986, 128.477076785, 130.754552132, 153.218610223, 296.405215335, 312.193359911, 313.186163781, 316.627099851, 329.34424889, 317.958907114, 334.053085939, 321.358476725]}