{"sizes": [14, 16, 17, 21, 22, 24, 26, 29, 29, 42, 42, 48, 48, 48, 51, 52, 58, 70, 76, 76, 96, 99, 100, 100, 100, 100, 100, 100, 101, 105, 107, 120, 124, 127, 130, 136, 137, 144, 150, 150, 150, 152, 159, 175, 180, 195, 198, 200, 200, 202, 225, 225, 226, 229, 262, 264, 280, 299, 400, 442], "optim_res": [1.2184772795666567, 1.021577489429946, 1.0489208633093525, 1.194311045437754, 1.2050477684300585, 1.128930817610063, 1.183564567769477, 1.1143564356435645, 1.2372670807453416, 1.2546494992846924, 1.234878240377062, 1.160919540229885, 1.1462350580228602, 1.1911930748964998, 1.199530516431925, 1.1595067621320605, 1.1153770427249459, 1.2296296296296296, 1.1561338289962826, 1.3827050915781396, 1.216359651506095, 1.2510322047894302, 1.2946151677473923, 1.3045481233909941, 1.2346619114174178, 1.2636893021508406, 1.237221315932572, 1.2563843236409609, 1.2496025437201908, 1.3397315529591767, 1.0448728077105387, 1.30653990204552, 1.1662713874301203, 1.1428366108114505, 1.2150572831423896, 1.2405344521142478, 1.2954490143587247, 1.0532142063993712, 1.2547487745098038, 1.2582566732016287, 1.3003444316877153, 1.163092749925355, 1.2756653992395437, 1.037184098659317, 1.0153846153846153, 1.1782178217821782, 1.1536121673003803, 1.2562421442402418, 1.219286298011441, 1.1893426294820717, 1.2765577119509703, 1.204117085034309, 1.1556445893317076, 1.1942393129374007, 1.3490328006728343, 1.1796072046402768, 1.2144241954245831, 1.2362059305679485, 1.254302728879, 1.2198393004844619], "perf_res": [0.000986386, 0.006719781, 0.001305001, 0.008852107, 0.036230278, 0.009751047, 0.009903449, 0.007269106, 0.005651442, 0.068693858, 0.085536313, 0.159108557, 0.0736711, 0.096834617, 0.02757945, 0.036721273, 0.246921079, 0.075618742, 0.389229998, 0.398413856, 1.056886687, 1.052218084, 0.422096791, 0.446443084, 0.668723727, 0.441412888, 0.445734126, 0.219238577, 0.69301595, 2.211548664, 0.747876124, 1.837183482, 1.266423727, 1.262318191, 1.459202274, 1.63058125, 2.945830219, 0.596178541, 0.704243498, 3.629297077, 3.593241, 0.723371947, 8.276418213, 5.489355085, 6.183154486, 7.506188729, 6.376863833, 1.679522153, 5.065987282, 27.040536038, 16.602562148, 2.334240649, 11.709538464, 27.519286349, 4.02681328, 7.915972246, 24.983918971, 44.015293809, 39.758765638, 38.690146668]}